"Question","Answer","Mode"
"What is the grading system at LPU?","LPU follows a 10-point CGPA system with letter grades. Grade O (Outstanding) = 10, A+ (Excellent) = 9, A (Very Good) = 8, B+ (Good) = 7, B (Above Average) = 6, C (Average) = 5, P (Pass) = 4. The CGPA is calculated as the weighted average of grade points earned in all courses. Percentage conversion formula: (CGPA - 0.5) × 10.","Academic"
"How to check attendance on UMS?","Login to LPU UMS (University Management System) at ums.lpu.in using your registration number and password. Go to 'Attendance' tab → Select semester → View subject-wise attendance percentage. You can also download detailed attendance reports. Minimum 75% attendance is mandatory in each subject for appearing in end-term examinations.","Academic"
"What is the examination pattern?","LPU conducts two internal assessments (20% each) and one end-term examination (60%). Mid-term exam (20%) after 7-8 weeks, Terminal exam (20%) after 14-15 weeks, and Final exam (60%) at semester end. Total marks: 100 per subject. Practical subjects have continuous evaluation pattern with lab work assessment.","Academic"
"How to apply for re-evaluation?","Apply for re-evaluation within 10 days of result declaration. Login to UMS → Examinations → Re-evaluation → Select paper → Pay fee ₹1000 per paper. Results declared within 15 days. If marks increase by 5+ or grade changes, fee is refunded. Only theory papers are eligible, not practicals or internal assessments.","Academic"
"What is the credit system?","LPU follows credit-based semester system. Each course has specific credits (typically 3-4 for theory, 1-2 for practical). Graduation requires minimum 120-180 credits depending on program. Credits = Weekly contact hours. Example: 3-hour theory course = 3 credits. CGPA calculated using (Credit × Grade Point) for all courses.","Academic"
"When are semester exams?","Academic calendar: Odd semester (August-December), Even semester (January-May), Summer term (May-July). Mid-term exams in week 8, Terminal exams in week 15, End-term exams in week 18-19. Exact dates published on UMS 4 weeks before exams. Admit cards available 1 week before exams.","Academic"
"What is the library timing?","Central Library timings: Monday-Saturday 8:00 AM to 12:00 Midnight, Sunday 9:00 AM to 9:00 PM. During exams: 24×7 open. Block-wise libraries: 8 AM to 8 PM. E-library access available 24/7 online. Members can borrow 5 books for 15 days. Late return fine: ₹5 per day per book.","Academic"
"How to access online journals?","Access through LPU Library portal → E-Resources → Database list. LPU subscribes to IEEE, Springer, Elsevier, EBSCO, ProQuest, and 40+ databases. Use VPN (download from IT Services) for off-campus access. Login with UMS credentials. Technical support: lib@lpu.co.in or extension 2250.","Academic"
"What is the minimum passing marks?","Minimum 40% in end-term exam AND 40% aggregate (internals + end-term) to pass. Failing end-term even with high internals = Fail. Failing aggregate even with passing end-term = Fail. Re-appear exam fee: ₹1500 per paper. Maximum 2 re-appear attempts allowed.","Academic"
"How to change elective subjects?","Subject change allowed only in first 2 weeks of semester. Procedure: Download change form from UMS → Get HOD approval → Submit to Academic Affairs → Pay processing fee ₹500. Subject change depends on seat availability. Core subjects cannot be changed, only electives.","Academic"
"What is academic probation?","Student placed on probation if CGPA falls below 5.0 at semester end. Probation conditions: Attend mandatory counseling, Cannot participate in placements, Cannot hold student body positions. Must achieve 5.5+ CGPA in next semester to come out of probation. Continuous poor performance may lead to program termination.","Academic"
"How to get transcripts?","Apply through UMS → Student Services → Transcript Request. Processing time: 7-10 working days. Fee: ₹500 for Indian universities, ₹1500 for foreign universities. Collected from Academic Block-A counter 12. Courier available for ₹200 extra. Original mark sheets + degree required for verification.","Academic"
"What is the grace marks policy?","Grace marks not applicable at LPU. However, benefit of doubt rule: If marks are 38-39.75, rounded to 40 (passing). This applies only to end-term exam, not aggregate. Grace marks petition can be filed for medical/family emergency during exams with valid proof.","Academic"
"How to register for courses?","Course registration opens in first week of semester. Login UMS → Academics → Course Registration → Select courses from eligible list. System shows pre-requisites, timings, credits. Confirm selection and lock. Late registration: Week 2 with ₹1000 penalty. No registration after week 2.","Academic"
"What is the attendance calculation?","Attendance = (Classes Attended / Total Classes Conducted) × 100. Includes theory, practical, tutorial classes. Medical leave counted as absent unless supported by medical certificate from LPU Hospital within 3 days. Sports/official duty: Submit leave form before event for attendance marking.","Academic"
"How to apply for semester break?","Semester break (leave of absence) allowed for medical/personal reasons. Apply at Academic Affairs → Submit reason, documents → Get approval from Dean. Maximum 2 semesters break in entire program. Fee: Full registration fee + ₹10,000 semester retention fee. Re-admission not guaranteed.","Academic"
"What is the syllabus coverage policy?","Faculty must complete 100% syllabus before end-term. Syllabus uploaded on UMS at semester start. Weekly lecture plan followed strictly. Students can report incomplete syllabus to HOD. Syllabus completion certificate issued by HOD before exams. Incomplete syllabus allows question paper modification.","Academic"
"How to access study materials?","Materials available on: 1) UMS → Course Content → Download PPT/PDF, 2) LMS Blackboard → Course → Content, 3) LPU Knowledge Hub app, 4) Faculty shared Google Drive links. Video lectures on LPU YouTube channel. Previous year papers in library archives section.","Academic"
"What is the project/thesis guideline?","Final year project mandatory for B.Tech/M.Tech. Choose guide in 7th semester. Submit synopsis within 2 weeks. Mid-term presentation in week 12, Final defense in week 18. Report format: 50-80 pages, IEEE format. Plagiarism check mandatory (max 15% allowed). Evaluated by internal + external examiner.","Academic"
"How to convert CGPA to percentage?","Official LPU conversion: Percentage = (CGPA - 0.5) × 10. Example: 8.5 CGPA = (8.5 - 0.5) × 10 = 80%. This formula used for placements, further studies, scholarships. Conversion certificate available from Academic Affairs on request for ₹200. Processing time: 3 days.","Academic"
"What is the makeup class policy?","Makeup classes scheduled for: National holidays falling on working days, Faculty on leave, Syllabus backlog. Classes on Saturdays 2-6 PM or after 5 PM on weekdays. Attendance mandatory. Schedule published on UMS notice board. Proxy marking in makeup = disciplinary action.","Academic"
"How to apply for scholarship based on academics?","Merit scholarships: CGPA 9.5+ (100% fee waiver), 9.0-9.49 (75%), 8.5-8.99 (50%), 8.0-8.49 (25%). Applied automatically based on previous semester CGPA. Credited direct to fee account. Maintained each semester. First semester based on entrance rank/board percentage.","Academic"
"What is the lab assessment criteria?","Lab evaluation: Regular work (60%), Viva (20%), Final exam (20%). Minimum 75% lab attendance mandatory. Each experiment: Pre-lab (5), Observation (15), Result (10), Viva (5). Submit all lab files before end-term. Incomplete submissions = re-register entire lab next semester.","Academic"
"How to get permission for extra-curricular activities?","Apply 15 days before event through UMS → Student Activities → Permission Request. Get faculty advisor signature → HOD approval → Dean signature. If classes missed: Submit makeup plan, attendance compensation plan. Maximum 7 days per semester for activities without affecting attendance.","Academic"
"What is the PhD admission process?","Eligibility: Master's degree with 55% marks (50% for SC/ST). Entrance test in January/July. Pattern: Research Aptitude (25), Subject Knowledge (50), General Awareness (25). Shortlisted candidates: Interview + presentation. Admission based on entrance + interview (70:30). Fellowship: ₹31,000/month for NET/GATE.","Academic"
"How to access previous semester marks?","Login UMS → Examinations → Result → Select semester → View detailed marks. Download mark sheet PDF. Detailed marks show: Internal marks breakdown, Mid-term marks, Terminal marks, End-term marks, Total marks, Grade, Grade points. Grade card issued within 15 days of result.","Academic"
"What is the backlog examination process?","Backlog/re-appear exams conducted with regular semester exams. Register on UMS in first week. Fee: ₹1500 per paper. Appear with junior batch. Max 2 attempts. If failed in 2 attempts, must re-register as regular student in next semester. Backlog clearance mandatory for degree.","Academic"
"How to apply for transcript for foreign university?","International transcript application: Submit passport copy, University name/address, Purpose, Number of copies needed. Fee: ₹1500 per copy. Processing: 10-15 days. Attestation: MEA/HRD (arrange yourself or pay ₹3000 to LPU). Courier: DHL/FedEx (₹2500 per country). WES/ECE evaluation guidance available.","Academic"
"What is the internship credit policy?","Summer internship (6-8 weeks) carries 2-4 credits in most programs. Mandatory for engineering students. Find internship yourself or through T&P cell. Submit: Offer letter, Attendance proof, Completion certificate, Project report. Evaluation by faculty coordinator. Minimum 'B' grade required. Counts toward total credit requirement.","Academic"
"How to access WiFi on campus?","Campus-wide WiFi coverage. Connect to SSID 'LPU-Student'. Login with UMS credentials (@lpu.co.in email). Speed: 20Mbps per user. Usage limit: 10GB/day. Access to educational websites unlimited. Social media 8 PM-11 PM only. Download LPU Network app for auto-login. Technical issues: IT Helpdesk, Block 32, ext. 2200.","Academic"
"What is the LPU admission process?","LPU admission process: 1) Visit lpu.in and click 'Apply Online', 2) Fill application form with personal/academic details, 3) Pay application fee ₹1000 (non-refundable), 4) Appear for LPUNEST (LPU National Entrance and Scholarship Test) or submit JEE/NEET scores, 5) Check merit list on portal, 6) If selected, pay admission fee, 7) Submit documents: 10th/12th mark sheets, transfer certificate, migration certificate, Aadhar card, photos, 8) Complete biometric registration. Admission confirmed after document verification and full fee payment.","Admissions and Administration"
"What is the fee structure for B.Tech?","B.Tech fee structure (2024-25): Tuition fee ₹1,60,000 per year (₹80,000 per semester), Hostel AC: ₹1,15,000/year, Non-AC: ₹95,000/year, Mess: ₹45,000/year, Onetotime charges: ₹25,000 (admission + alumni + ID card + medical). Total: Approx ₹3,45,000/year for AC hostel, ₹3,25,000/year for non-AC. Scholarships available based on rank. Fee payable semester-wise. EMI options available.","Admissions and Administration"
"What documents are required for admission?","Required documents for LPU admission: 1) Class 10th mark sheet + certificate (original + 1 copy), 2) Class 12th mark sheet + certificate (original + 1 copy), 3) Transfer Certificate from last institution (original), 4) Migration Certificate from previous board (original), 5) Character Certificate (original), 6) Passport size photographs (10 copies), 7) Aadhar Card (copy), 8) Caste certificate (for SC/ST/OBC, original), 9) Income certificate (for scholarships, if applicable), 10) Gap affidavit (if gap year taken, notarized). Documents verified during admission.","Admissions and Administration"
"What scholarships are available?","LPU Scholarships 2024: 1) LPUNEST-based: Rank 1-500: 100% tuition waiver, 501-2000: 75%, 2001-5000: 50%, 5001-10000: 30%, 10001-25000: 20%. 2) Board-based (12th): 90%+: ₹1,00,000/year, 80-90%: ₹75,000/year, 70-80%: ₹50,000/year. 3) JEE Advanced: Rank 1-10000: 100%, 10001-20000: 50%. 4) JEE Main: Percentile 90+: ₹1,00,000. 5) Sports/Cultural: National level: 100%, State level: 50%. 6) Need-based: Up to 25% for financial hardship. Scholarships renewable based on CGPA 7.5+.","Admissions and Administration"
"What is LPUNEST exam pattern?","LPUNEST (LPU National Entrance and Scholarship Test) Pattern: Duration: 2 hours (120 minutes), Questions: 120 MCQs (4 options), Marking: +1 for correct, -0.25 for wrong, Sections: English (30), Mathematics (60), General Knowledge (30) for Engineering. For Management: Logical Reasoning, English, Maths, GK. Mode: Online (CBT - Computer Based Test). Conducted: 5-6 times annually (Jan, Feb, Apr, May, Jun, Jul). Registration: Free online. Used for: Admission + Scholarship eligibility + Seat allotment.","Admissions and Administration"
"Can I get admission without entrance exam?","Yes, admission without entrance exam possible through: 1) JEE Main/Advanced scores (B.Tech), 2) NEET scores (MBBS/BDS/Pharmacy), 3) CAT/MAT/XAT scores (MBA), 4) Board percentage (for some programs), 5) Direct admission for top board scorers (95%+ in 12th). However, LPUNEST recommended for scholarship opportunities. Scholarship eligibility requires LPUNEST or national test scores. Direct admission fee usually higher than scholarship routes.","Admissions and Administration"
"What is the last date for admission?","LPU Admission deadlines: Engineering/Technology: July 31st, Management courses: June 30th, Agriculture/Hotel Management: July 15th, Design/Architecture: June 15th, Law/Pharmacy: July 31st. However, seats on first-come-first-serve basis. Early birds get better hostel rooms + scholarship opportunities. Late admissions (August) subject to seat availability. International students: Rolling admissions till semester start. Spot admissions during July-August at campus.","Admissions and Administration"
"How to pay fees online?","Online fee payment: Login to UMS portal → Student Finance → Fee Payment → Select semester + components (tuition + hostel + mess), View total amount, Choose payment mode: Credit/Debit card, Net Banking, UPI, Education loan, Pay and download receipt. Fee breakdown visible before payment. Partial payments allowed (installments). Late fee: ₹500 after due date. Refund: Within 30 days after deduction of processing charges. Payment helpline: +91-1824-517000.","Admissions and Administration"
"What is the hostel allocation process?","Hostel allocation: After admission confirmation, hostel form online on UMS, Preference: AC/Non-AC, Single/Double/Triple sharing, Block preference (Boys: 30-41, Girls: 14-28), Allocation: Based on payment date (first come first serve), Fee payment: Advance hostel fee with admission, Allotment: Room number sent via SMS + Email, Check-in: During admission days with parents, Room change: Only first 2 weeks of semester, Refund: If cancelled before semester start (processing charges apply).","Admissions and Administration"
"Is there any age limit for admission?","Age criteria: No maximum age limit for undergraduate/postgraduate programs. Minimum age: 17 years as on December 31 of admission year for UG programs, 21 years for PG programs. For diploma courses: 15+ years. PhD: No age limit. Foreign students: Follow respective country norms. Gap years: Acceptable with valid reason, Gap affidavit required if gap >1 year. Relaxation for reserved categories as per GoI norms.","Admissions and Administration"
"Can I change my course after admission?","Course change policy: Allowed within first 15 days of semester start, Conditions: Eligibility criteria of new course must be met, Seat availability in new course, No refund of fees paid, Pay difference if new course fee higher, Approval from both departments + Dean Academics required, Form: Download from UMS → Academic Affairs, Processing fee: ₹5000. Not allowed: After 15 days, Between different schools (Engineering to Management), If scholarship holder. Final decision by Academic Committee.","Admissions and Administration"
"What is the refund policy?","LPU Fee Refund Policy: Cancelled before semester start: 90% refund (10% processing), Withdrawal in first week: 80% refund, Withdrawal in second week: 60% refund, After 2 weeks: No refund of tuition fee, Hostel/Mess: Prorated refund after deduction, Refund process: Submit application→Dean approval→Accounts clearance→15-30 days, One-time charges (admission fee): Non-refundable, Security deposit: Full refund after course completion + no dues certificate. Medical emergency: Special consideration on case basis.","Admissions and Administration"
"How to apply for education loan?","Education Loan for LPU: Partner banks: SBI, PNB, HDFC, ICICI, Axis Bank, Loan amount: Up to ₹20 lakhs (₹30L for foreign studies), Interest rate: 8-12% (girl students get 0.5% rebate), Processing: Collateral required above ₹7.5L, Documents: Admission letter, Fee structure, Mark sheets, Parents' income proof, Collateral documents. Process: Apply at bank→Submit documents→Valuation→Approval (7-15 days)→Loan disbursal to university directly. LPU Loan Cell: Block-5, ext 2222. Scholar scheme: Central govt subsidy on interest for economically weaker sections.","Admissions and Administration"
"What is the seat reservation policy?","LPU Reservation: SC: 15%, ST: 7.5%, OBC (Non-creamy layer): 27%, EWS (Rs<8L income): 10%, Persons with Disability (PwD): 5%, Kashmiri Migrants: 1%, Defense personnel children: 5%. Relaxation: 5% marks or one grade point, Age relaxation: 5 years, Scholarship priority. Documents required: Caste certificate from SDM/Tehsildar, Income certificate for EWS, Disability certificate from medical board. Verification at admission time. False certificate: Cancellation + police case.","Admissions and Administration"
"How to transfer to LPU from another university?","Lateral entry/migration to LPU: Eligibility: Similar program at previous university, Minimum 60% marks in previous semesters, No backlogs, Admission: Apply through lateral entry form, Submit: All previous semester mark sheets, Syllabus comparison, Transfer certificate, Migration certificate, Credit transfer: Possible if 70%+ syllabus match, Evaluation: By Academic Committee, Credit exemption maximum: 60% of total credits, Hostel: Fresh allocation needed, Fee: Current batch fees applicable. Processing time: 2-3 weeks. Applications accepted: May-June for odd semester.","Admissions and Administration"
"What is the dress code policy?","LPU Dress Code (Academics): Monday-Friday: Formal wear mandatory - Boys: Full pants + formal shirt + shoes (no t-shirts/jeans), Girls: Formal suit/kurti + pants/skirt + formal footwear (no leggings/shorts). Saturday: Casual allowed (no shorts/sleeveless/torn jeans). PhD scholars/Faculty: Always formal. ID Card: Mandatory to display. Violations: Warning→Attendance marked absent→Parents notification→Disciplinary action. Relaxation: During exams week, On specific event days with prior permission. Hostels: No dress code inside hostel premises.","Admissions and Administration"
"Can international students apply?","Yes! LPU welcomes international students from 60+ countries. Eligibility: Equivalent to Indian 10+2 (UG) or Bachelor's (PG), IELTS/TOEFL for English proficiency, Valid passport + Student visa, Minimum 60% aggregate, Medical fitness certificate. Admission: Apply online→Document verification→Visa assistance→Arrival support. Fee: Same as Indian students (foreign students can't avail merit scholarships but can get percentage-based). Services: Airport pickup, Orientation, Local guardian arrangement, International Student Office: Block-34. Documents legalization: From MEA/Indian Embassy required. Over 3000 international students currently enrolled.","Admissions and Administration"
"What is the migration process after admission?","Course migration: Not allowed in first semester, From 2nd semester onwards: Apply with 8+ CGPA, Subject to seat availability, Pay differential fee if any, Department approvals required. Institute migration (between LPU campuses): Not applicable (only one main campus). Semester migration (shift timing change): Possible with 75%+ attendance, Pay ₹2000 shift change fee, Subject availability in new shift. Physical documents migration: Submit original TC + Migration at admission, Certificates verified + returned with degree, Migration certificate needed from previous university board for inter-university admissions.","Admissions and Administration"
"How to get admission fee receipt?","Fee receipt: Auto-generated after successful payment in UMS, Download: Login UMS→Finance→Fee Receipt→Select semester→Download PDF, Contains: Receipt number, Date, Student details, Fee breakdown, Payment mode, Official seal (digitally signed). Uses: Loan processing, Income tax rebate (80C), Scholarship application, Verification purposes. Lost receipt: Reprint from UMS anytime, Physical copy: Accounts department (₹100 duplicate charges), Email: finance@lpu.co.in with request. Receipt number needed for all fee-related queries.","Admissions and Administration"
"What is the admission cancellation process?","Admission cancellation: Submit written application to Dean Student Welfare→ Clearance from library, hostel, accounts→No dues certificate→Refund processing as per policy. Online: UMS→Withdrawal request→Upload reason→Department approval. Timeline: Before semester: 15 days processing, After start: 30 days processing. Refund: As per refund policy (90%-0% based on timing). Documents returned: All original documents except TC/Migration (kept for records). Re-admission: Possible in next session with fresh application. Blacklisting: None unless disciplinary issues. Health emergency: Special fast-track process with medical proof.","Admissions and Administration"
"What is semester exchange program?","LPU Student Exchange Program: Duration: One semester (4-6 months), Partner Universities: 200+ in USA, Canada, UK, Australia, Europe, Eligibility: Minimum 7.5 CGPA, No backlogs, Good conduct, English proficiency, Application: 4-6 months before exchange (January/July), Process: Apply→Selection→Visa assistance→Pre-departure orientation. Cost: Flight + living expenses (student bears), Tuition: Waived under exchange agreement, Credits: Transferred back to LPU, Scholarship: Limited scholarships available. Hosting family: Arranged by partner university. Contact: International Affairs, Block-34, +91-1824-517851.","Admissions and Administration"
"How to update personal details after admission?","Personal details update: Name/DOB change: Submit: Gazette notification + newspaper ad + affidavit + updated mark sheets→Dean approval→University records update (₹5000 processing), Address/Phone/Email: Update directly in UMS→Student Profile→Edit→No approval needed, Parents' details: Submit request with proof→Dean approval, Category change (SC/ST or others): Not allowed after admission, Photo update: Upload in UMS (size: 50KB, JPEG). Name correction (spelling): Simple affidavit + proof→Dean approval (₹1000). Processing: 7-15 working days. Affects: ID card, credentials, degree (if name change).","Admissions and Administration"
"What is the difference between regular and distance mode?","LPU offers only REGULAR mode for UG/PG: Full-time on-campus programs, Daily classes, Mandatory attendance (75%), Practical labs, Industry projects, Complete campus facilities, Placements assistance. Distance/Online: LPU does NOT offer UG in distance mode (UGC restrictions), But offers: Online MBA, Online MA, PG Diplomas through online mode, Classes: Weekend live + recorded, Exams: At designated centers or online proctored. Difference summary: Regular = Full campus experience + better placements, Online = Working professional friendly + lower cost. Choose based on: Career goals, Time availability, Budget, Job status.","Admissions and Administration"
"How to check admission status?","Admission status tracking: Login: lpu.in/admission-portal using mobile/email used during application, Status shows: Application submitted→Document verification pending→Entrance test scheduled→Test completed→Merit list→Provisional admission→Fee payment pending→Admitted, SMS/Email: Sent at each stage, Helpline: +91-1824-517000 (9 AM - 6 PM), Check directly: Visit admissions office with application number. Merit list: Published on website + SMS to registered mobile, Admission letter: Downloaded from portal after fee payment. Waiting list: If not in first merit list, subsequent lists released weekly. Final status: Admitted/Not selected/Waiting.","Admissions and Administration"
